{"cameraMode":{"drawMode":0,"name":"Shaded","section":"Shading Mode"},"sceneLighting":true,"audioPlay":false,"sceneViewState":{"showFog":true,"showMaterialUpdate":false,"showSkybox":true,"showFlares":true,"showImageEffects":true,"showParticleSystems":true},"in2DMode":false,"pivot":{"x":4.92988920211792,"y":6.070682525634766,"z":7.040026664733887},"rotation":{"x":-0.49779632687568667,"y":0.1359560638666153,"z":-0.07939548790454865,"w":-0.8529157638549805},"size":48.59474182128906,"orthographic":false}